{
  "inner": {
    "Groth16": {
      "seal": [
        20,
        217,
        138,
        50,
        174,
        114,
        106,
        64,
        216,
        240,
        107,
        28,
        145,
        141,
        172,
        60,
        132,
        243,
        233,
        39,
        219,
        238,
        181,
        214,
        99,
        106,
        33,
        178,
        5,
        120,
        42,
        27,
        0,
        199,
        80,
        97,
        145,
        124,
        159,
        107,
        38,
        140,
        223,
        129,
        71,
        27,
        186,
        108,
        105,
        211,
        144,
        108,
        253,
        85,
        187,
        198,
        78,
        13,
        25,
        141,
        220,
        189,
        144,
        160,
        0,
        20,
        0,
        222,
        242,
        112,
        53,
        66,
        191,
        58,
        175,
        75,
        186,
        162,
        84,
        7,
        49,
        235,
        228,
        39,
        128,
        30,
        167,
        150,
        89,
        28,
        215,
        18,
        160,
        73,
        137,
        42,
        31,
        221,
        231,
        83,
        38,
        0,
        108,
        46,
        102,
        24,
        162,
        208,
        99,
        76,
        64,
        214,
        95,
        69,
        139,
        168,
        9,
        90,
        9,
        224,
        251,
        222,
        51,
        110,
        215,
        14,
        178,
        105,
        26,
        217,
        15,
        231,
        138,
        63,
        146,
        225,
        189,
        245,
        146,
        114,
        112,
        57,
        222,
        174,
        198,
        89,
        163,
        44,
        19,
        238,
        117,
        121,
        49,
        84,
        105,
        137,
        63,
        99,
        143,
        32,
        19,
        205,
        149,
        50,
        77,
        94,
        145,
        253,
        65,
        49,
        171,
        12,
        197,
        186,
        93,
        84,
        75,
        20,
        207,
        26,
        216,
        60,
        84,
        85,
        139,
        158,
        228,
        20,
        238,
        225,
        22,
        99,
        29,
        171,
        18,
        206,
        138,
        18,
        51,
        122,
        17,
        155,
        74,
        174,
        30,
        27,
        51,
        86,
        73,
        58,
        207,
        244,
        156,
        12,
        72,
        26,
        149,
        205,
        207,
        90,
        233,
        178,
        121,
        154,
        25,
        198,
        222,
        190,
        162,
        158,
        209,
        134,
        152,
        12,
        241,
        23,
        17,
        194,
        248,
        166,
        221,
        176,
        181,
        216,
        44,
        133,
        24,
        143,
        71,
        241,
        47,
        74,
        143,
        83,
        194,
        68
      ],
      "claim": {
        "Value": {
          "pre": {
            "Value": {
              "pc": 2812448,
              "merkle_root": [
                2526799227,
                254255577,
                1385309964,
                810728884,
                1733992827,
                3394277933,
                573994687,
                846478192
              ]
            }
          },
          "post": {
            "Value": {
              "pc": 0,
              "merkle_root": [
                0,
                0,
                0,
                0,
                0,
                0,
                0,
                0
              ]
            }
          },
          "exit_code": {
            "Halted": 0
          },
          "input": {
            "Pruned": [
              0,
              0,
              0,
              0,
              0,
              0,
              0,
              0
            ]
          },
          "output": {
            "Value": {
              "journal": {
                "Value": [
                  64,
                  0,
                  0,
                  0,
                  140,
                  0,
                  0,
                  0,
                  221,
                  0,
                  0,
                  0,
                  35,
                  0,
                  0,
                  0,
                  191,
                  0,
                  0,
                  0,
                  209,
                  0,
                  0,
                  0,
                  227,
                  0,
                  0,
                  0,
                  141,
                  0,
                  0,
                  0,
                  219,
                  0,
                  0,
                  0,
                  74,
                  0,
                  0,
                  0,
                  233,
                  0,
                  0,
                  0,
                  83,
                  0,
                  0,
                  0,
                  159,
                  0,
                  0,
                  0,
                  89,
                  0,
                  0,
                  0,
                  71,
                  0,
                  0,
                  0,
                  132,
                  0,
                  0,
                  0,
                  123,
                  0,
                  0,
                  0,
                  245,
                  0,
                  0,
                  0,
                  109,
                  0,
                  0,
                  0,
                  63,
                  0,
                  0,
                  0,
                  6,
                  0,
                  0,
                  0,
                  64,
                  0,
                  0,
                  0,
                  77,
                  0,
                  0,
                  0,
                  111,
                  0,
                  0,
                  0,
                  56,
                  0,
                  0,
                  0,
                  87,
                  0,
                  0,
                  0,
                  88,
                  0,
                  0,
                  0,
                  164,
                  0,
                  0,
                  0,
                  250,
                  0,
                  0,
                  0,
                  167,
                  0,
                  0,
                  0,
                  68,
                  0,
                  0,
                  0,
                  53,
                  0,
                  0,
                  0,
                  7,
                  0,
                  0,
                  0,
                  233,
                  0,
                  0,
                  0,
                  107,
                  0,
                  0,
                  0,
                  0,
                  0,
                  0,
                  0,
                  218,
                  0,
                  0,
                  0,
                  26,
                  0,
                  0,
                  0,
                  19,
                  0,
                  0,
                  0,
                  216,
                  0,
                  0,
                  0,
                  75,
                  0,
                  0,
                  0,
                  47,
                  0,
                  0,
                  0,
                  223,
                  0,
                  0,
                  0,
                  26,
                  0,
                  0,
                  0,
                  101,
                  0,
                  0,
                  0,
                  149,
                  0,
                  0,
                  0,
                  130,
                  0,
                  0,
                  0,
                  1,
                  0,
                  0,
                  0,
                  53,
                  0,
                  0,
                  0,
                  44,
                  0,
                  0,
                  0,
                  105,
                  0,
                  0,
                  0,
                  137,
                  0,
                  0,
                  0,
                  97,
                  0,
                  0,
                  0,
                  3,
                  0,
                  0,
                  0,
                  252,
                  0,
                  0,
                  0,
                  118,
                  0,
                  0,
                  0,
                  166,
                  0,
                  0,
                  0,
                  179,
                  0,
                  0,
                  0,
                  201,
                  0,
                  0,
                  0,
                  103,
                  0,
                  0,
                  0,
                  128,
                  0,
                  0,
                  0,
                  138,
                  0,
                  0,
                  0,
                  208,
                  0,
                  0,
                  0,
                  153,
                  0,
                  0,
                  0,
                  174,
                  0,
                  0,
                  0
                ]
              },
              "assumptions": {
                "Value": []
              }
            }
          }
        }
      },
      "verifier_parameters": [
        2565148465,
        803857384,
        666633640,
        2019065645,
        1753987992,
        2480395716,
        2877601933,
        1558279850
      ]
    }
  },
  "journal": {
    "bytes": [
      64,
      0,
      0,
      0,
      140,
      0,
      0,
      0,
      221,
      0,
      0,
      0,
      35,
      0,
      0,
      0,
      191,
      0,
      0,
      0,
      209,
      0,
      0,
      0,
      227,
      0,
      0,
      0,
      141,
      0,
      0,
      0,
      219,
      0,
      0,
      0,
      74,
      0,
      0,
      0,
      233,
      0,
      0,
      0,
      83,
      0,
      0,
      0,
      159,
      0,
      0,
      0,
      89,
      0,
      0,
      0,
      71,
      0,
      0,
      0,
      132,
      0,
      0,
      0,
      123,
      0,
      0,
      0,
      245,
      0,
      0,
      0,
      109,
      0,
      0,
      0,
      63,
      0,
      0,
      0,
      6,
      0,
      0,
      0,
      64,
      0,
      0,
      0,
      77,
      0,
      0,
      0,
      111,
      0,
      0,
      0,
      56,
      0,
      0,
      0,
      87,
      0,
      0,
      0,
      88,
      0,
      0,
      0,
      164,
      0,
      0,
      0,
      250,
      0,
      0,
      0,
      167,
      0,
      0,
      0,
      68,
      0,
      0,
      0,
      53,
      0,
      0,
      0,
      7,
      0,
      0,
      0,
      233,
      0,
      0,
      0,
      107,
      0,
      0,
      0,
      0,
      0,
      0,
      0,
      218,
      0,
      0,
      0,
      26,
      0,
      0,
      0,
      19,
      0,
      0,
      0,
      216,
      0,
      0,
      0,
      75,
      0,
      0,
      0,
      47,
      0,
      0,
      0,
      223,
      0,
      0,
      0,
      26,
      0,
      0,
      0,
      101,
      0,
      0,
      0,
      149,
      0,
      0,
      0,
      130,
      0,
      0,
      0,
      1,
      0,
      0,
      0,
      53,
      0,
      0,
      0,
      44,
      0,
      0,
      0,
      105,
      0,
      0,
      0,
      137,
      0,
      0,
      0,
      97,
      0,
      0,
      0,
      3,
      0,
      0,
      0,
      252,
      0,
      0,
      0,
      118,
      0,
      0,
      0,
      166,
      0,
      0,
      0,
      179,
      0,
      0,
      0,
      201,
      0,
      0,
      0,
      103,
      0,
      0,
      0,
      128,
      0,
      0,
      0,
      138,
      0,
      0,
      0,
      208,
      0,
      0,
      0,
      153,
      0,
      0,
      0,
      174,
      0,
      0,
      0
    ]
  },
  "metadata": {
    "verifier_parameters": [
      2565148465,
      803857384,
      666633640,
      2019065645,
      1753987992,
      2480395716,
      2877601933,
      1558279850
    ]
  }
}