{
  "inner": {
    "Groth16": {
      "seal": [
        12,
        86,
        161,
        202,
        246,
        225,
        201,
        248,
        175,
        235,
        67,
        253,
        108,
        173,
        213,
        121,
        159,
        61,
        181,
        159,
        56,
        117,
        4,
        90,
        158,
        90,
        173,
        18,
        78,
        196,
        207,
        14,
        21,
        207,
        93,
        99,
        227,
        139,
        90,
        192,
        210,
        29,
        41,
        9,
        107,
        220,
        166,
        154,
        71,
        65,
        72,
        28,
        177,
        26,
        41,
        24,
        217,
        42,
        78,
        66,
        255,
        93,
        224,
        177,
        21,
        46,
        171,
        53,
        33,
        155,
        67,
        52,
        89,
        161,
        49,
        183,
        42,
        230,
        228,
        53,
        72,
        129,
        172,
        176,
        77,
        65,
        81,
        145,
        50,
        42,
        191,
        129,
        14,
        132,
        71,
        232,
        25,
        64,
        219,
        159,
        80,
        193,
        107,
        51,
        26,
        84,
        210,
        30,
        13,
        214,
        177,
        242,
        221,
        54,
        111,
        169,
        214,
        250,
        3,
        95,
        3,
        191,
        26,
        116,
        143,
        201,
        163,
        207,
        6,
        148,
        10,
        19,
        147,
        66,
        175,
        54,
        195,
        30,
        77,
        81,
        146,
        85,
        186,
        24,
        168,
        171,
        154,
        49,
        135,
        60,
        181,
        31,
        253,
        204,
        111,
        18,
        113,
        56,
        108,
        183,
        33,
        63,
        94,
        59,
        13,
        17,
        30,
        152,
        143,
        217,
        26,
        67,
        190,
        96,
        58,
        47,
        40,
        20,
        1,
        239,
        4,
        224,
        149,
        49,
        6,
        145,
        102,
        40,
        247,
        241,
        46,
        16,
        45,
        67,
        248,
        107,
        139,
        13,
        68,
        29,
        209,
        49,
        120,
        151,
        27,
        223,
        164,
        46,
        173,
        218,
        112,
        128,
        169,
        116,
        179,
        117,
        0,
        252,
        156,
        108,
        230,
        47,
        48,
        87,
        15,
        132,
        74,
        34,
        96,
        134,
        208,
        36,
        18,
        211,
        210,
        9,
        190,
        156,
        105,
        239,
        13,
        111,
        5,
        14,
        68,
        58,
        163,
        34,
        86,
        13,
        183,
        34,
        193,
        196,
        57,
        251
      ],
      "claim": {
        "Value": {
          "pre": {
            "Value": {
              "pc": 2801732,
              "merkle_root": [
                814725230,
                4141129355,
                3717045045,
                3001502655,
                3434757986,
                623113507,
                4273991938,
                2727943121
              ]
            }
          },
          "post": {
            "Value": {
              "pc": 0,
              "merkle_root": [
                0,
                0,
                0,
                0,
                0,
                0,
                0,
                0
              ]
            }
          },
          "exit_code": {
            "Halted": 0
          },
          "input": {
            "Pruned": [
              0,
              0,
              0,
              0,
              0,
              0,
              0,
              0
            ]
          },
          "output": {
            "Value": {
              "journal": {
                "Value": [
                  64,
                  0,
                  0,
                  0,
                  140,
                  0,
                  0,
                  0,
                  221,
                  0,
                  0,
                  0,
                  35,
                  0,
                  0,
                  0,
                  191,
                  0,
                  0,
                  0,
                  209,
                  0,
                  0,
                  0,
                  227,
                  0,
                  0,
                  0,
                  141,
                  0,
                  0,
                  0,
                  219,
                  0,
                  0,
                  0,
                  74,
                  0,
                  0,
                  0,
                  233,
                  0,
                  0,
                  0,
                  83,
                  0,
                  0,
                  0,
                  159,
                  0,
                  0,
                  0,
                  89,
                  0,
                  0,
                  0,
                  71,
                  0,
                  0,
                  0,
                  132,
                  0,
                  0,
                  0,
                  123,
                  0,
                  0,
                  0,
                  245,
                  0,
                  0,
                  0,
                  109,
                  0,
                  0,
                  0,
                  63,
                  0,
                  0,
                  0,
                  6,
                  0,
                  0,
                  0,
                  64,
                  0,
                  0,
                  0,
                  77,
                  0,
                  0,
                  0,
                  111,
                  0,
                  0,
                  0,
                  56,
                  0,
                  0,
                  0,
                  87,
                  0,
                  0,
                  0,
                  88,
                  0,
                  0,
                  0,
                  164,
                  0,
                  0,
                  0,
                  250,
                  0,
                  0,
                  0,
                  167,
                  0,
                  0,
                  0,
                  68,
                  0,
                  0,
                  0,
                  53,
                  0,
                  0,
                  0,
                  7,
                  0,
                  0,
                  0,
                  233,
                  0,
                  0,
                  0,
                  107,
                  0,
                  0,
                  0,
                  0,
                  0,
                  0,
                  0,
                  218,
                  0,
                  0,
                  0,
                  26,
                  0,
                  0,
                  0,
                  19,
                  0,
                  0,
                  0,
                  216,
                  0,
                  0,
                  0,
                  75,
                  0,
                  0,
                  0,
                  47,
                  0,
                  0,
                  0,
                  223,
                  0,
                  0,
                  0,
                  26,
                  0,
                  0,
                  0,
                  101,
                  0,
                  0,
                  0,
                  149,
                  0,
                  0,
                  0,
                  130,
                  0,
                  0,
                  0,
                  1,
                  0,
                  0,
                  0,
                  53,
                  0,
                  0,
                  0,
                  44,
                  0,
                  0,
                  0,
                  105,
                  0,
                  0,
                  0,
                  137,
                  0,
                  0,
                  0,
                  97,
                  0,
                  0,
                  0,
                  3,
                  0,
                  0,
                  0,
                  252,
                  0,
                  0,
                  0,
                  118,
                  0,
                  0,
                  0,
                  166,
                  0,
                  0,
                  0,
                  179,
                  0,
                  0,
                  0,
                  201,
                  0,
                  0,
                  0,
                  103,
                  0,
                  0,
                  0,
                  128,
                  0,
                  0,
                  0,
                  138,
                  0,
                  0,
                  0,
                  208,
                  0,
                  0,
                  0,
                  153,
                  0,
                  0,
                  0,
                  174,
                  0,
                  0,
                  0
                ]
              },
              "assumptions": {
                "Value": []
              }
            }
          }
        }
      },
      "verifier_parameters": [
        2565148465,
        803857384,
        666633640,
        2019065645,
        1753987992,
        2480395716,
        2877601933,
        1558279850
      ]
    }
  },
  "journal": {
    "bytes": [
      64,
      0,
      0,
      0,
      140,
      0,
      0,
      0,
      221,
      0,
      0,
      0,
      35,
      0,
      0,
      0,
      191,
      0,
      0,
      0,
      209,
      0,
      0,
      0,
      227,
      0,
      0,
      0,
      141,
      0,
      0,
      0,
      219,
      0,
      0,
      0,
      74,
      0,
      0,
      0,
      233,
      0,
      0,
      0,
      83,
      0,
      0,
      0,
      159,
      0,
      0,
      0,
      89,
      0,
      0,
      0,
      71,
      0,
      0,
      0,
      132,
      0,
      0,
      0,
      123,
      0,
      0,
      0,
      245,
      0,
      0,
      0,
      109,
      0,
      0,
      0,
      63,
      0,
      0,
      0,
      6,
      0,
      0,
      0,
      64,
      0,
      0,
      0,
      77,
      0,
      0,
      0,
      111,
      0,
      0,
      0,
      56,
      0,
      0,
      0,
      87,
      0,
      0,
      0,
      88,
      0,
      0,
      0,
      164,
      0,
      0,
      0,
      250,
      0,
      0,
      0,
      167,
      0,
      0,
      0,
      68,
      0,
      0,
      0,
      53,
      0,
      0,
      0,
      7,
      0,
      0,
      0,
      233,
      0,
      0,
      0,
      107,
      0,
      0,
      0,
      0,
      0,
      0,
      0,
      218,
      0,
      0,
      0,
      26,
      0,
      0,
      0,
      19,
      0,
      0,
      0,
      216,
      0,
      0,
      0,
      75,
      0,
      0,
      0,
      47,
      0,
      0,
      0,
      223,
      0,
      0,
      0,
      26,
      0,
      0,
      0,
      101,
      0,
      0,
      0,
      149,
      0,
      0,
      0,
      130,
      0,
      0,
      0,
      1,
      0,
      0,
      0,
      53,
      0,
      0,
      0,
      44,
      0,
      0,
      0,
      105,
      0,
      0,
      0,
      137,
      0,
      0,
      0,
      97,
      0,
      0,
      0,
      3,
      0,
      0,
      0,
      252,
      0,
      0,
      0,
      118,
      0,
      0,
      0,
      166,
      0,
      0,
      0,
      179,
      0,
      0,
      0,
      201,
      0,
      0,
      0,
      103,
      0,
      0,
      0,
      128,
      0,
      0,
      0,
      138,
      0,
      0,
      0,
      208,
      0,
      0,
      0,
      153,
      0,
      0,
      0,
      174,
      0,
      0,
      0
    ]
  },
  "metadata": {
    "verifier_parameters": [
      2565148465,
      803857384,
      666633640,
      2019065645,
      1753987992,
      2480395716,
      2877601933,
      1558279850
    ]
  }
}