{
  "inner": {
    "Groth16": {
      "seal": [
        11,
        103,
        25,
        166,
        60,
        177,
        188,
        224,
        115,
        221,
        9,
        41,
        7,
        224,
        107,
        255,
        17,
        178,
        12,
        9,
        243,
        58,
        202,
        131,
        135,
        33,
        92,
        98,
        108,
        42,
        61,
        10,
        43,
        155,
        15,
        73,
        202,
        109,
        107,
        22,
        115,
        55,
        91,
        103,
        108,
        99,
        160,
        127,
        186,
        180,
        238,
        182,
        86,
        108,
        156,
        148,
        180,
        24,
        33,
        149,
        207,
        198,
        66,
        21,
        44,
        87,
        41,
        105,
        42,
        182,
        19,
        240,
        132,
        138,
        121,
        54,
        26,
        53,
        169,
        230,
        65,
        177,
        83,
        184,
        247,
        245,
        201,
        234,
        66,
        92,
        106,
        100,
        77,
        77,
        100,
        185,
        36,
        99,
        52,
        56,
        40,
        152,
        94,
        116,
        217,
        130,
        149,
        240,
        166,
        161,
        51,
        67,
        214,
        13,
        63,
        12,
        74,
        21,
        103,
        211,
        135,
        50,
        35,
        33,
        51,
        225,
        119,
        32,
        9,
        32,
        237,
        95,
        53,
        177,
        121,
        166,
        93,
        255,
        197,
        212,
        190,
        131,
        2,
        96,
        77,
        60,
        220,
        118,
        175,
        246,
        235,
        64,
        116,
        252,
        215,
        82,
        55,
        192,
        95,
        136,
        40,
        241,
        33,
        245,
        83,
        194,
        191,
        113,
        208,
        72,
        179,
        103,
        166,
        128,
        189,
        160,
        200,
        129,
        249,
        89,
        238,
        139,
        146,
        181,
        44,
        214,
        117,
        148,
        38,
        12,
        125,
        5,
        2,
        123,
        66,
        186,
        183,
        15,
        136,
        45,
        148,
        216,
        243,
        203,
        184,
        80,
        220,
        219,
        182,
        37,
        113,
        167,
        183,
        209,
        245,
        125,
        244,
        78,
        31,
        210,
        129,
        195,
        205,
        172,
        5,
        234,
        218,
        38,
        117,
        219,
        138,
        49,
        69,
        215,
        188,
        9,
        112,
        76,
        96,
        219,
        128,
        246,
        35,
        197,
        167,
        221,
        11,
        202,
        36,
        120,
        79,
        147,
        216,
        234,
        147,
        104
      ],
      "claim": {
        "Value": {
          "pre": {
            "Value": {
              "pc": 2814444,
              "merkle_root": [
                2189554482,
                708604174,
                2965952745,
                1869677500,
                3322601507,
                4072776164,
                2458227258,
                3748075620
              ]
            }
          },
          "post": {
            "Value": {
              "pc": 0,
              "merkle_root": [
                0,
                0,
                0,
                0,
                0,
                0,
                0,
                0
              ]
            }
          },
          "exit_code": {
            "Halted": 0
          },
          "input": {
            "Pruned": [
              0,
              0,
              0,
              0,
              0,
              0,
              0,
              0
            ]
          },
          "output": {
            "Value": {
              "journal": {
                "Value": [
                  64,
                  0,
                  0,
                  0,
                  140,
                  0,
                  0,
                  0,
                  221,
                  0,
                  0,
                  0,
                  35,
                  0,
                  0,
                  0,
                  191,
                  0,
                  0,
                  0,
                  209,
                  0,
                  0,
                  0,
                  227,
                  0,
                  0,
                  0,
                  141,
                  0,
                  0,
                  0,
                  219,
                  0,
                  0,
                  0,
                  74,
                  0,
                  0,
                  0,
                  233,
                  0,
                  0,
                  0,
                  83,
                  0,
                  0,
                  0,
                  159,
                  0,
                  0,
                  0,
                  89,
                  0,
                  0,
                  0,
                  71,
                  0,
                  0,
                  0,
                  132,
                  0,
                  0,
                  0,
                  123,
                  0,
                  0,
                  0,
                  245,
                  0,
                  0,
                  0,
                  109,
                  0,
                  0,
                  0,
                  63,
                  0,
                  0,
                  0,
                  6,
                  0,
                  0,
                  0,
                  64,
                  0,
                  0,
                  0,
                  77,
                  0,
                  0,
                  0,
                  111,
                  0,
                  0,
                  0,
                  56,
                  0,
                  0,
                  0,
                  87,
                  0,
                  0,
                  0,
                  88,
                  0,
                  0,
                  0,
                  164,
                  0,
                  0,
                  0,
                  250,
                  0,
                  0,
                  0,
                  167,
                  0,
                  0,
                  0,
                  68,
                  0,
                  0,
                  0,
                  53,
                  0,
                  0,
                  0,
                  7,
                  0,
                  0,
                  0,
                  233,
                  0,
                  0,
                  0,
                  107,
                  0,
                  0,
                  0,
                  0,
                  0,
                  0,
                  0,
                  218,
                  0,
                  0,
                  0,
                  26,
                  0,
                  0,
                  0,
                  19,
                  0,
                  0,
                  0,
                  216,
                  0,
                  0,
                  0,
                  75,
                  0,
                  0,
                  0,
                  47,
                  0,
                  0,
                  0,
                  223,
                  0,
                  0,
                  0,
                  26,
                  0,
                  0,
                  0,
                  101,
                  0,
                  0,
                  0,
                  149,
                  0,
                  0,
                  0,
                  130,
                  0,
                  0,
                  0,
                  1,
                  0,
                  0,
                  0,
                  53,
                  0,
                  0,
                  0,
                  44,
                  0,
                  0,
                  0,
                  105,
                  0,
                  0,
                  0,
                  137,
                  0,
                  0,
                  0,
                  97,
                  0,
                  0,
                  0,
                  3,
                  0,
                  0,
                  0,
                  252,
                  0,
                  0,
                  0,
                  118,
                  0,
                  0,
                  0,
                  166,
                  0,
                  0,
                  0,
                  179,
                  0,
                  0,
                  0,
                  201,
                  0,
                  0,
                  0,
                  103,
                  0,
                  0,
                  0,
                  128,
                  0,
                  0,
                  0,
                  138,
                  0,
                  0,
                  0,
                  208,
                  0,
                  0,
                  0,
                  153,
                  0,
                  0,
                  0,
                  174,
                  0,
                  0,
                  0,
                  64,
                  0,
                  0,
                  0,
                  30,
                  0,
                  0,
                  0,
                  99,
                  0,
                  0,
                  0,
                  3,
                  0,
                  0,
                  0,
                  38,
                  0,
                  0,
                  0,
                  41,
                  0,
                  0,
                  0,
                  67,
                  0,
                  0,
                  0,
                  79,
                  0,
                  0,
                  0,
                  152,
                  0,
                  0,
                  0,
                  248,
                  0,
                  0,
                  0,
                  8,
                  0,
                  0,
                  0,
                  96,
                  0,
                  0,
                  0,
                  154,
                  0,
                  0,
                  0,
                  119,
                  0,
                  0,
                  0,
                  144,
                  0,
                  0,
                  0,
                  165,
                  0,
                  0,
                  0,
                  231,
                  0,
                  0,
                  0,
                  84,
                  0,
                  0,
                  0,
                  163,
                  0,
                  0,
                  0,
                  74,
                  0,
                  0,
                  0,
                  66,
                  0,
                  0,
                  0,
                  208,
                  0,
                  0,
                  0,
                  40,
                  0,
                  0,
                  0,
                  211,
                  0,
                  0,
                  0,
                  145,
                  0,
                  0,
                  0,
                  39,
                  0,
                  0,
                  0,
                  204,
                  0,
                  0,
                  0,
                  117,
                  0,
                  0,
                  0,
                  120,
                  0,
                  0,
                  0,
                  111,
                  0,
                  0,
                  0,
                  174,
                  0,
                  0,
                  0,
                  148,
                  0,
                  0,
                  0,
                  44,
                  0,
                  0,
                  0,
                  70,
                  0,
                  0,
                  0,
                  92,
                  0,
                  0,
                  0,
                  57,
                  0,
                  0,
                  0,
                  54,
                  0,
                  0,
                  0,
                  152,
                  0,
                  0,
                  0,
                  31,
                  0,
                  0,
                  0,
                  86,
                  0,
                  0,
                  0,
                  89,
                  0,
                  0,
                  0,
                  75,
                  0,
                  0,
                  0,
                  107,
                  0,
                  0,
                  0,
                  254,
                  0,
                  0,
                  0,
                  84,
                  0,
                  0,
                  0,
                  44,
                  0,
                  0,
                  0,
                  210,
                  0,
                  0,
                  0,
                  118,
                  0,
                  0,
                  0,
                  229,
                  0,
                  0,
                  0,
                  188,
                  0,
                  0,
                  0,
                  190,
                  0,
                  0,
                  0,
                  199,
                  0,
                  0,
                  0,
                  66,
                  0,
                  0,
                  0,
                  223,
                  0,
                  0,
                  0,
                  97,
                  0,
                  0,
                  0,
                  77,
                  0,
                  0,
                  0,
                  154,
                  0,
                  0,
                  0,
                  0,
                  0,
                  0,
                  0,
                  148,
                  0,
                  0,
                  0,
                  94,
                  0,
                  0,
                  0,
                  162,
                  0,
                  0,
                  0,
                  185,
                  0,
                  0,
                  0,
                  198,
                  0,
                  0,
                  0,
                  141,
                  0,
                  0,
                  0,
                  15,
                  0,
                  0,
                  0
                ]
              },
              "assumptions": {
                "Value": []
              }
            }
          }
        }
      },
      "verifier_parameters": [
        2565148465,
        803857384,
        666633640,
        2019065645,
        1753987992,
        2480395716,
        2877601933,
        1558279850
      ]
    }
  },
  "journal": {
    "bytes": [
      64,
      0,
      0,
      0,
      140,
      0,
      0,
      0,
      221,
      0,
      0,
      0,
      35,
      0,
      0,
      0,
      191,
      0,
      0,
      0,
      209,
      0,
      0,
      0,
      227,
      0,
      0,
      0,
      141,
      0,
      0,
      0,
      219,
      0,
      0,
      0,
      74,
      0,
      0,
      0,
      233,
      0,
      0,
      0,
      83,
      0,
      0,
      0,
      159,
      0,
      0,
      0,
      89,
      0,
      0,
      0,
      71,
      0,
      0,
      0,
      132,
      0,
      0,
      0,
      123,
      0,
      0,
      0,
      245,
      0,
      0,
      0,
      109,
      0,
      0,
      0,
      63,
      0,
      0,
      0,
      6,
      0,
      0,
      0,
      64,
      0,
      0,
      0,
      77,
      0,
      0,
      0,
      111,
      0,
      0,
      0,
      56,
      0,
      0,
      0,
      87,
      0,
      0,
      0,
      88,
      0,
      0,
      0,
      164,
      0,
      0,
      0,
      250,
      0,
      0,
      0,
      167,
      0,
      0,
      0,
      68,
      0,
      0,
      0,
      53,
      0,
      0,
      0,
      7,
      0,
      0,
      0,
      233,
      0,
      0,
      0,
      107,
      0,
      0,
      0,
      0,
      0,
      0,
      0,
      218,
      0,
      0,
      0,
      26,
      0,
      0,
      0,
      19,
      0,
      0,
      0,
      216,
      0,
      0,
      0,
      75,
      0,
      0,
      0,
      47,
      0,
      0,
      0,
      223,
      0,
      0,
      0,
      26,
      0,
      0,
      0,
      101,
      0,
      0,
      0,
      149,
      0,
      0,
      0,
      130,
      0,
      0,
      0,
      1,
      0,
      0,
      0,
      53,
      0,
      0,
      0,
      44,
      0,
      0,
      0,
      105,
      0,
      0,
      0,
      137,
      0,
      0,
      0,
      97,
      0,
      0,
      0,
      3,
      0,
      0,
      0,
      252,
      0,
      0,
      0,
      118,
      0,
      0,
      0,
      166,
      0,
      0,
      0,
      179,
      0,
      0,
      0,
      201,
      0,
      0,
      0,
      103,
      0,
      0,
      0,
      128,
      0,
      0,
      0,
      138,
      0,
      0,
      0,
      208,
      0,
      0,
      0,
      153,
      0,
      0,
      0,
      174,
      0,
      0,
      0,
      64,
      0,
      0,
      0,
      30,
      0,
      0,
      0,
      99,
      0,
      0,
      0,
      3,
      0,
      0,
      0,
      38,
      0,
      0,
      0,
      41,
      0,
      0,
      0,
      67,
      0,
      0,
      0,
      79,
      0,
      0,
      0,
      152,
      0,
      0,
      0,
      248,
      0,
      0,
      0,
      8,
      0,
      0,
      0,
      96,
      0,
      0,
      0,
      154,
      0,
      0,
      0,
      119,
      0,
      0,
      0,
      144,
      0,
      0,
      0,
      165,
      0,
      0,
      0,
      231,
      0,
      0,
      0,
      84,
      0,
      0,
      0,
      163,
      0,
      0,
      0,
      74,
      0,
      0,
      0,
      66,
      0,
      0,
      0,
      208,
      0,
      0,
      0,
      40,
      0,
      0,
      0,
      211,
      0,
      0,
      0,
      145,
      0,
      0,
      0,
      39,
      0,
      0,
      0,
      204,
      0,
      0,
      0,
      117,
      0,
      0,
      0,
      120,
      0,
      0,
      0,
      111,
      0,
      0,
      0,
      174,
      0,
      0,
      0,
      148,
      0,
      0,
      0,
      44,
      0,
      0,
      0,
      70,
      0,
      0,
      0,
      92,
      0,
      0,
      0,
      57,
      0,
      0,
      0,
      54,
      0,
      0,
      0,
      152,
      0,
      0,
      0,
      31,
      0,
      0,
      0,
      86,
      0,
      0,
      0,
      89,
      0,
      0,
      0,
      75,
      0,
      0,
      0,
      107,
      0,
      0,
      0,
      254,
      0,
      0,
      0,
      84,
      0,
      0,
      0,
      44,
      0,
      0,
      0,
      210,
      0,
      0,
      0,
      118,
      0,
      0,
      0,
      229,
      0,
      0,
      0,
      188,
      0,
      0,
      0,
      190,
      0,
      0,
      0,
      199,
      0,
      0,
      0,
      66,
      0,
      0,
      0,
      223,
      0,
      0,
      0,
      97,
      0,
      0,
      0,
      77,
      0,
      0,
      0,
      154,
      0,
      0,
      0,
      0,
      0,
      0,
      0,
      148,
      0,
      0,
      0,
      94,
      0,
      0,
      0,
      162,
      0,
      0,
      0,
      185,
      0,
      0,
      0,
      198,
      0,
      0,
      0,
      141,
      0,
      0,
      0,
      15,
      0,
      0,
      0
    ]
  },
  "metadata": {
    "verifier_parameters": [
      2565148465,
      803857384,
      666633640,
      2019065645,
      1753987992,
      2480395716,
      2877601933,
      1558279850
    ]
  }
}